0.645811242103507,0.265035771952912,-0.120200517445907,0.864166147441503,1.34145136505803,-0.055782490821737,0.631152989167009,0.2097700590075,-1.2264496968537,0.0597733288155902,-0.492849038862794,1.20341819660549,0.154470767682061,-0.0732262000225612,-1.20210435564115,1.98801955506976,1.19437942857121,-0.130760860475971,-2.72620119157279,1.18388944982597,-0.192175296182653,-0.586354141822257,1.27089593320553,1.24272608772458,-0.923615980009511,-0.236695947122784,0.134101618068006,1.88389246752868,1.77705082889423,-0.887683391768408,0.968006188899066,1.48941852881915,-1.02391299023974,0.621622191078565,-0.394701062999473,1.05591671082463,0.154846848802715,-0.409439422960371,-0.340265812725043,-0.594169172692649,0.615602357085627,-0.0328714893340196,-0.653882898491743,-0.0648680868173133,-0.939631965215307,0.565488641535992,0.77613844930692,-0.0891709828745121,-1.27451322494914,0.51170852991398,-0.357732016923252,-1.31157739990694,-1.17087939894833,-0.0742545297243289,0.503172960309281,-0.0891806992578709,-0.0181286005541005,-1.42685127907353,0.132858326957424,-0.45673213201818,0.0056911098622825,-2.14247641612552,0.259872457015877,0.714138552387436,0.584124355538917,-0.603685841394253,-0.564357100355002,0.524841344191611,-0.147971336289261,0.350571597180611
-1.46512621697363,1.44345977006491,0.576636345016733,0.670284277000884,0.338421981808713,0.0487310328126502,-0.418050564548158,0.0103038402219478,-2.34632339343831,-1.02262528361272,1.39217344592445,-0.180925712699247,0.673379748064978,0.931441527064298,-0.749647477043435,-1.66519787731814,0.0745159914527799,-1.04191178181539,0.22961812467156,1.6611888143423,-0.715446503076386,-0.68423791643112,-2.11057231650673,1.48428354743108,1.85632151292221,0.170866855835686,0.780150266570833,2.53146659463322,-0.599426776354821,-1.50734063749744,-0.7621212670851,0.792048790878142,1.35487478968883,-1.715192428185,0.418811539802978,-0.0841414322609467,-1.15444991672649,-0.822390645863843,1.21095834260372,-1.00195386707782,-1.56204976798876,-1.75947700362607,-0.705871081570762,-1.48888842157876,0.741796471758879,1.29353301613758,0.90159348473729,0.344710001500197,-0.312429291863664,2.07085244927327,0.157973948720647,-1.78849280234237,0.893778037348543,-1.16409950154545,0.5229050261756,-0.731822602509612,-0.327063061040578,0.223755492290244,0.250015240697595,0.135698151259322,0.934850683307105,-0.749695694735962,0.489582497950985,-0.556026672805203,2.08421835534799,0.212076123275473,-0.193720349145413,-0.277738628526639,-1.62033827339404,0.697295784292333
0.385227725149822,0.0912765946407286,-1.55064422581354,-0.144355722437636,-0.79276772272731,0.415504707061935,0.0860325152000338,1.90368971680859,1.29266011480337,1.20853058248182,-0.237645986470118,-1.62910875017548,0.18314542178388,0.106529444074877,-1.15696296769231,-0.204784657324604,2.72090857762005,-0.810292004675084,0.390929949137595,-0.0112746443068005,2.06414688790602,0.980717578329443,-0.624540906148581,-1.02339622335562,-0.666980927093775,0.240789294666183,0.573354167888486,-0.0696107877630335,0.653896446386219,-0.202564694655439,0.606576077296256,-1.55840954299638,1.07381477561418,-0.505994349736343,-0.0592635405652993,-1.24815484868515,0.385319477613603,-0.582871991216422,0.912949223181822,-0.302562735145744,-0.523564301906884,-1.00780523361831,2.91365840428578,0.282817794818522,-1.39867267920386,-0.284279806785858,-0.869247056303974,-0.568529116075741,1.20873150893235,2.04653679217988,0.437368063644628,-1.35385648321254,-1.47718635347961,-0.0349101748042043,-1.67475819653216,1.33484601870077,-2.13711000795903,-0.600182607712408,-1.33561604278477,-1.08113860831137,0.428781307731373,1.08024510671895,-0.57540734093319,-0.555893175184939,0.859455247614685,-0.419906058908626,0.933893357687476,0.295613706650464,0.409248941971411,1.03714126491033
1.11831127280739,0.0388302276706389,-1.20245743499151,-0.0357738862472255,1.43543917358518,-1.03129619967685,-0.0935977513780523,0.730001925917885,-1.78821868695253,0.533197303882556,1.81668773622009,-0.428229241371116,0.157557468061355,0.341042656322152,-0.116025906589352,-0.555675337544448,0.563499563099599,-0.0827301296905988,-1.50570464416179,2.50085672679956,-0.982333186596283,0.57272683823844,1.34142513707422,0.653877069333378,0.744679429285064,0.641937166722749,0.580612267083392,-0.272048761695783,-0.880160246688759,0.232365080367167,0.898526944620096,-0.91194404832086,-1.42873422793962,-0.856668901133844,-0.721427481148796,-0.517317877807256,-2.64825862164194,0.728131638780293,-0.536117961257303,1.31693707697927,0.997410670513023,0.689513506930405,1.15486357628199,0.721169244998065,1.64382565836841,-1.47569180819004,-0.67644314138258,1.11931222979189,2.79444037312413,-0.993157793484837,1.9777798975657,0.137194896571887,2.36581134995394,-0.279938426714802,0.464279237197189,-0.546698580393965,0.619635178273762,-1.07286141778225,1.30463760639765,1.22241975375763,1.5209987168188,0.150997524682138,-1.22398267919461,0.939086331812638,0.140804642789721,0.313282665548101,-0.105840834146895,0.762014900951842,-0.72155468008034,0.114209781699731
-0.00504104641302456,-0.238379449777197,0.295734388238474,-0.656603143164027,-1.64240624591611,0.710691430969862,0.219295487558152,1.20079246306685,-0.30651777276013,0.75095445607951,-0.82711707184502,0.817706964822682,-0.560658304635116,1.7287929451604,-0.441485736601873,-0.160203389389619,-1.46120639851106,0.455392934106838,-0.99737354845569,-1.56791069891612,-1.96604722914859,-2.12820529238897,-0.570680675515907,0.841613913963319,0.348391629081541,0.0528100203183977,0.780141562940005,0.723289025629924,0.946093906375366,0.795098852206718,-2.70629541069512,0.692084569698863,0.618991915115137,-0.755110722953147,1.44442430616542,-0.330618596526749,0.13087210480565,0.66692129797982,-0.0510924030648206,-1.30388662794199,2.67428840972425,2.26081979864877,-0.173076269808852,-1.52275865709596,1.00925198658255,-0.676085149254538,-0.468973228609153,2.14803368006597,1.53091433778079,0.130320856543549,0.0533447856651029,-1.33942996432794,-0.0186116161142152,-1.30685511645288,1.52714953525423,-0.115877017114074,-0.772074361693353,-1.5122846854177,-0.497734536095584,-1.03410883061536,-1.04607591390302,2.23479643726547,-0.275562706045357,-0.223192406022004,-0.69158166901971,0.105223173428895,-0.635576695576685,-0.510681261903465,0.522976669953835,-0.661206830450955
-0.255187445416618,-0.58909813217579,-1.41675753696504,-1.08697881869039,0.279440753901095,0.940681397359526,-0.180373045249677,0.520638135627801,0.616157065693283,0.0563373327906585,1.36757322702255,0.36996345644124,1.3515192589341,2.01166839972387,1.23310377388308,-1.35140534666349,-1.33902852303936,1.05241329963288,1.04089484305672,-1.8384647812077,1.29428959172131,-0.307409283150882,0.87554042609203,-0.232988608319158,-0.535111094078491,-0.0749832962522886,0.370360317077432,0.554027387147174,-0.71929981541631,1.65027537338887,-0.323119365868032,0.722351788321748,-2.16684243807738,-0.728103835951447,-0.152736138625914,-0.303710250325307,-1.25340743932564,-1.04350311513965,0.186620211527663,-0.64525090700912,-0.0865945449235277,0.253334005903837,0.617424056828267,-1.14899274460071,-0.357814752433336,-1.02895127030545,-0.26048589154832,-0.276615317502105,-0.120808154725042,-0.420280184355712,0.938667763351202,0.420672934714639,1.37509849316814,-0.254817556675658,-0.308826244602976,0.323707224873377,-0.0268436745346098,0.104970543597341,1.11961940492518,0.275398531556302,-2.19017069174883,1.86430986050008,-1.2970433275153,-0.731151126365182,-0.557413085324979,1.49669386320458,-1.45233073022955,0.261110138426796,-2.38659812052905,0.147504431999218
-1.16942150552997,-0.417698586327275,-1.4192721568371,0.570065866913113,-0.728741907637177,-1.20420732068918,0.911327834059461,1.54606049280198,-0.849765127645986,0.765126815257187,1.18391594588593,-1.04063607303918,-0.467293255245299,0.226083675473891,-0.0413893436638941,2.04328100006882,-0.283594743706354,0.999316602363728,1.0345792729224,0.96368083422006,0.958223379753351,-1.6655131987978,0.230933095638657,1.79370098156289,-0.330706878877528,-0.665777356893276,-0.258219164098321,-0.169873317216452,-1.7667469835512,1.22978215881747,0.124336131118731,0.394806975051341,0.154915347715365,-1.66918531404805,-1.65729237952409,-0.0901292662158882,1.16959204972105,-0.168722884727751,1.36860661507552,-1.55759158941252,-0.36880239136287,0.273283952457319,1.5146719339684,1.05066170921332,-0.342409056452817,-0.110038780391646,-0.575624791838423,-1.57381676440685,0.608594008582257,0.752994439781145,-0.648169330095022,-0.0612986043292433,-0.0907339044995866,0.365307664252684,0.00855248007044315,-0.143869983605029,-1.10438403212599,1.3286744664619,-0.587836657832705,-0.85913146169328,-1.29613371712736,0.576060874028478,0.541251764576601,0.29507714794493,0.218757590708881,0.716980109612769,-0.560796603812534,0.73952825334832,0.832843359739882,0.666007458571986
0.586517403679255,-0.619665471630488,0.162099309578177,-1.93255122894269,0.690428960822744,1.71814173223868,0.676066085913904,1.38648955208588,0.00989383698481821,-0.609949579798854,-0.129668298539916,1.0588779850697,0.404383264401681,-0.364825589713653,0.774875496016391,0.628031257611134,-1.09528191602173,-2.2275168311337,1.21405410077553,-2.30632167231328,0.842352621771795,1.13713106618467,-0.779753225267754,1.61587391939057,-0.449129352382862,-0.0556946012410324,0.436291560818446,-1.13045509872417,-0.629256169175999,0.193357216689316,0.145341650506619,-1.99668650141709,-0.271106149259367,-0.938307469861134,-0.77829656138036,-0.550009748282792,-0.75866541001417,0.210841072480182,-0.598239743548094,0.555801761923531,0.0628820915805353,-0.142681747420165,-1.17925869209052,-1.49895897229046,-0.802868102886236,-1.00868650028277,-0.242990746593911,0.266693518111774,-0.121099037340644,0.219684717344189,-0.804081580448725,0.122856464895481,0.548935333203752,0.138704032023517,-0.356216521892455,0.45212415766546,0.754130112957614,0.341327563356628,0.229219960511752,-0.18941550542037,-0.537007842025215,0.118082609974519,2.03062779627235,-1.13485093405526,0.313275840818105,-0.677665944727419,0.0604398410934672,-0.246992170782114,-0.408308771823927,-0.918834856854308
-0.744911226594734,0.566850861107643,-1.38256800357284,-1.20801981054575,0.149149598890732,1.31306816559002,0.858339077328057,-1.96352774782392,-0.159960188175423,-1.04231055201127,-0.859592655134204,1.54439833560769,-0.535370746357739,-0.00695892572241032,1.20894027069037,0.435035001956028,-0.697563753797821,0.91437952539961,0.522902996862492,0.970585818027693,-0.479599184529191,-0.0316811685736598,0.589682017739671,-1.22840069589321,0.457594732256508,-0.92636211020079,-0.171009801066371,1.73658408863149,-0.346501952100978,0.46445446215723,-0.771687814302196,-0.272589139156027,-0.573257311415638,1.33563964437591,-1.01824805372054,0.898255357989197,0.651743402042533,-1.05648957239126,-0.915774207805298,-0.22201839607561,1.84118397853765,1.40277108357109,-2.12755359497649,0.0613669593240066,0.98642117520659,-0.322339939524414,-1.29239748945964,0.100129278141493,-1.04501207045484,0.250952416704642,-1.06924606301906,-1.52339160330577,-0.316935242283595,0.60894075561761,-0.479819481784729,-0.205804082209073,1.14002734705353,-0.706595392136703,1.01358339648106,0.477721699529543,-1.1560646405785,-1.14123707146341,1.3283322601978,-0.260139414287378,-1.37533571392308,0.372742792833502,0.596350075480647,-0.475551207714997,-0.676209987465324,1.39381665707384
-0.734282445321243,-0.923077989125226,-0.428572677967699,0.136885973293947,1.14125931835929,0.131068237312361,-1.02116888215718,-0.43522606965751,-1.97871727406949,0.837997670510953,-0.634426357691389,0.837228393545759,-0.769697181205857,-0.443887742867706,-0.197681224718096,0.772874780979488,-1.16224358081574,-0.809159158589387,0.575808072202479,0.438554398291878,-0.598886544670028,1.10987049905589,-0.0947553894029364,-1.34487786007023,1.26544209402479,-0.244438884298055,1.57872232174246,-0.292399791058477,1.4530912028646,0.17719597036312,0.196664796115738,0.171206788701984,0.799401064638805,2.9032583501277,-1.28915948621031,-0.919292154537672,0.549755710508108,-1.00055739829249,1.0899999294353,0.262858541943919,-0.881257300826932,1.05475866664136,0.223680051154047,-1.01301002036703,-0.198368695833828,-0.494693225504017,0.829345787570062,0.670708542243853,0.191794223781089,-0.592382110695021,0.542100405648997,0.936022912386278,0.307371753689274,0.419161583267259,-2.19503047240532,0.795910882425118,-0.605759660423611,1.6947162703526,0.612333470397478,-1.30194498478012,-1.37311047400739,-1.09538129748976,-0.636788742766979,0.456651547805647,0.546413918946229,1.22998388887094,-0.268445264228955,1.67005871664893,-0.806585858363775,-2.43913301917709
0.69930393861726,-0.189076643820092,1.0751610722874,-0.843042548239413,-0.562132249349912,-1.6851426062518,0.654641245379912,0.608956248799916,-2.47224519523595,-0.681957749274705,-0.208722513880444,1.55332746470638,1.17501444383086,-0.373062153051012,-1.26393806421202,1.03875537407107,-0.27735147664935,1.24260314404581,-0.374793365169993,-1.30342518176754,1.83292455862328,-0.168455359298847,1.64211862263404,1.0738038685103,-0.363006357749468,-1.98448599332056,1.3172606690006,-0.900065959380373,-0.538914160934837,0.783460465720392,-1.12356974645208,-0.189799747827069,-0.103876706079735,1.2393444290948,0.758024946099096,-1.90869597323976,-0.017277673957754,0.615620385709577,-1.34783290209703,0.199297347153873,-0.132025828947065,0.861683526976051,-0.497336124638572,0.421701690331088,0.951332618249313,-1.04164404005106,-0.00138665902158393,0.385167889009005,-0.31057484454598,-0.232839578368014,0.844606861782653,0.943421051327709,0.6707555261431,-0.1374863619581,-1.8398081832449,1.86607643899814,0.666258209480314,-0.199685938920191,-0.0989602838354902,-1.47556371619075,-0.000634187632584509,-0.598407944227745,-0.431442996017866,0.551568519759604,-0.0910634756479563,-0.754262355312358,-0.764399014691442,2.14412461879688,-1.79087118703757,0.0477488347301372
2.00559148055032,-0.388874045620741,0.550152937596296,0.532551081867782,-0.476667034944951,-0.507191907690182,-0.0826749742355116,-0.22302914482318,-0.694069798258859,-0.880410473451541,-1.10203955994063,0.0708120392686808,-1.59838313226399,0.238083270730175,-2.19138891489043,-1.02409391017232,0.0535367175584307,-0.528564924506433,1.48291262439253,-1.55725209413587,0.00588383791920984,-1.1439967722646,-0.0347037529706316,-0.54769538070737,-0.419627455979304,-0.282145897659177,-0.360580062237827,0.468210062676417,0.504152652015714,-0.630175920960769,0.463831132844209,2.09691237752622,1.6966129586705,1.82764423867051,0.282727999884194,0.357589713667709,1.38540404952967,1.78802544824147,-1.47882993207198,-0.221233987561035,-0.934751834344756,-0.227106324788161,0.473448532882447,-0.0183664062973224,-0.572056183459311,-1.28172134852765,0.0422077594022663,-0.880663864351187,0.610892895971111,-0.897171638301763,0.73672258764771,1.90378034830513,-0.672768489488908,1.2637365015986,0.670926147442404,0.40404402314433,1.73279805290056,0.015006414056677,1.20681979057025,0.569201511278722,0.647252527278863,0.257334405004345,0.357536936236269,-0.566182735260997,1.15429068533816,-0.258690811266509,1.39199139517515,-0.816075435226742,-0.595334087004535,-0.327956812569782
-1.2495710712967,0.219458410916405,0.13921956470061,1.61272687162955,0.216969348972701,-3.71492739658401,-0.517134895566198,-1.27757112637748,-1.89094938919481,1.51848512189205,-2.56392049660741,0.484665709111804,1.20155713531989,-2.96215589659673,-0.110597506941414,0.729798744143078,-0.357611167225297,-0.481067330311871,-0.934684976882582,0.612449054326898,-0.362873162275152,-0.438804946152373,0.654712503557689,0.400469479773229,-1.54676563475884,0.961083530279733,0.547125999687486,-1.47921615667227,-2.19238797691926,1.42544233270369,-0.469167921726475,-0.159723988676991,0.646351258094652,1.04932528884707,-1.26201567889438,0.297543331261989,-0.299339429940285,-0.73375833469433,1.65661605668024,-0.288710680965745,0.730165773210404,-1.40458833169445,0.34334480994946,1.80682907599654,-1.499050468442,-0.75901258908203,-0.576616858397409,1.50389509018613,-0.127800900405338,-0.568636073797562,-0.225999582372565,0.474160400319565,1.76937267941088,0.349566584005203,0.310589750726591,-0.882287065985097,0.727513347634178,0.41347095116877,-1.42790204046229,-0.730003607420927,1.3404042471785,0.065360729837268,1.17076575361325,0.191428285617728,-1.8607104575913,0.362309838836776,-0.676534535836797,1.29238914487467,-0.676919081703286,0.98659465350253
0.0603797305264065,-0.51880676776657,0.0578240079251917,-0.414938805537578,0.954760639789811,-1.15419004633483,0.121027388431879,-1.66201866559989,0.19698645424551,-0.42013367054768,0.403163296067476,-2.01627705110189,-0.0353304750629764,-0.258009192758038,0.592213149079223,1.63639032908735,-0.477691638258901,-0.447876433902814,-0.661830484890511,-0.598452870655307,-0.223092343431036,1.92414650478131,-0.580225049642419,-0.205518690138454,1.15535751013559,-0.953936978799227,0.161468141097299,-1.34542186836025,0.968041810672003,-0.352589712199458,0.0873739452288421,-0.567367037429083,-0.366169558460138,1.0399363770613,-1.97939813962922,-0.543252040241432,0.447877950009471,-1.35407531398504,0.188898340025382,1.77159945530766,-0.775288477712512,0.0259533913061144,-2.08099537285296,0.416152206930157,0.634505805319431,-0.147856058834347,-0.767424712552267,-0.820292998059335,2.20259290307535,-0.275977113641177,-2.3362850954696,-0.944852376276738,-0.110055480544292,-0.542586798330803,2.06719696007945,-1.52869958913483,1.70925227007946,0.0580357139202183,1.06182394919904,-0.0346653314021281,-0.613981056386315,0.667727502195852,0.270258110738877,-1.15121967251498,0.205945847524044,0.393612425509791,0.521775656887833,0.649340973602733,-0.251206088265251,-1.15109236464166
0.622213879877005,-0.974069536784131,-1.95650524327171,-0.609072387177742,0.762083671890386,0.576174521554202,1.22642905323888,1.31082090914648,1.34805669880869,-0.408937308584482,-1.40639394288872,0.954817464408848,1.83039456606247,2.04570073152993,-1.23809960778194,-0.935389899785839,0.155145390550834,1.50017505669169,-0.66220120334206,-0.639858481956395,1.70551217265424,-0.811378812194425,0.460202917922918,0.855760809157551,1.11930739932113,0.330109810477924,-1.06553730836904,0.874519407289648,0.723722889912623,-0.57405548075419,0.605135024288266,-0.458458578021438,1.2882027114806,-0.221902231094255,1.12794595998131,0.331885083691913,0.442707760370268,-0.0559602019515353,-0.595629901808671,0.137412513641809,0.0476165478108238,-1.21311267802504,-0.13682645168388,1.25889576321591,-0.887191962721212,-0.171775565738346,0.58233651622329,1.36936474612143,0.890173745983201,0.228634930090431,1.04110001837986,-0.166699888741365,1.99391067304169,-0.826845214624988,-0.976904352513064,0.310122845114391,0.836046493421435,-0.844338205268628,0.252063322173822,0.169203700508228,-0.696577203224094,-1.04381713203588,0.64194091056631,-0.249862107807686,1.14071112861448,0.616371734305405,1.04798698916292,-0.703078966857586,0.55032372055616,-0.0705740099006301
0.109700311365407,1.24506271380475,1.21690854757136,1.56255934402448,-0.605687148879008,-1.05219042204622,0.579541666841708,0.239418379406127,-0.515663517352052,-1.30990022979188,-0.313384489531197,0.895484290021074,0.23815466757784,1.16556865890523,-1.6452550859373,0.0846913630936213,-1.46922261801454,0.68611695309203,-0.260010438304182,-0.84802714844772,-0.636683090152201,0.475177921634094,0.272965789281747,-0.0505760032154393,-0.337999890568078,1.01071263209316,1.5728990744031,0.677735530251777,-0.135128296528329,-0.605328301834662,-0.00728998081205142,-0.124522289351006,0.911923033451697,-0.457934172309987,-0.0901727038107961,0.666627364896728,0.0994323521614456,-0.995134879917275,1.00742010158218,-1.06260088839342,0.320359509777733,-1.09091254281789,0.0364586597486046,-1.05853660031606,2.25932015863499,-1.4166436691748,-0.984279470588363,0.266308820020947,-0.990124104797191,0.47941895230258,-0.917680611133956,-0.789234378151119,0.0934759267274383,0.587066674162992,-1.16671688680986,-0.150276268906831,-2.13037932254475,0.212049599668111,0.559132515014282,-1.77206042404995,1.53362098682501,-1.06093460218882,-1.06132836489129,-0.799865891048605,-0.992166239258676,0.540106401462433,-1.01469993119887,0.849354695237586,0.546210916923273,-0.124657681784101
1.06931229088141,0.833473248454397,0.244492497305546,1.10330671216839,-1.01275938196541,-0.846593969762515,-0.924138969475663,0.00883501243195568,-1.55901764510384,-1.1539134526457,-0.892778588792347,-0.368449041529637,0.0581405061019842,-0.366851926549012,0.860007372937615,0.838895312700608,-0.433117633591464,1.20486247307848,-0.0931639431277396,-0.396458283269405,0.954317303135825,0.909179848884107,-0.0554487663631114,-0.0323797392945151,-0.00226683742817045,0.920198021629937,0.989346147460676,-1.92157604546535,-0.666447942118765,0.896410703633695,0.136362951121179,-1.18792256950794,-0.448821310114144,-1.46625944754455,1.81010792996965,-0.0258874683062627,-2.00720199664459,0.720411718921963,0.20378253764044,-1.3186933798635,1.3385529145592,0.430419885032916,-1.2375540681441,-0.252477078308071,-0.946102076842752,0.556661287099536,0.740330734131269,-0.0858874135716561,0.953918436928407,-1.13914709978608,-0.97907688156076,0.96844281942771,0.0543727794311332,0.559830535980817,0.0576186084330072,-0.986373685290622,1.68583938953239,1.01693447531078,0.907972073519281,1.11503621776103,1.00161072046735,0.015663097560908,0.707921642267056,-0.546534626717592,0.175942502766877,-0.760756036177469,0.812053474298673,0.58656312249822,-0.270699953562131,-0.314905899419371
-0.824236922978573,0.967926209454169,0.54641962457701,-0.300084523833416,-0.183548685829005,0.0373385334179737,-1.63034521886066,-0.897472842546139,-1.73008768709891,-0.594680175937055,-0.910512117650647,2.0408486023433,1.11689418092392,2.39810171015589,0.990749616510488,-0.860957458492672,0.490243150719176,-0.151001954893556,1.1610514454098,1.17257012996384,0.574945722449632,-0.322701401922074,-0.896202267169313,1.02954373173012,-0.146477777907522,0.245325379323141,1.09271222241887,-0.695085346580647,0.851118512450883,-0.690507952982112,-0.727226592110187,-0.293650186629363,-0.539523348214679,-1.4688684496598,-0.234344281452114,-0.268292489666006,0.370589786555061,0.014979329144821,0.775153500100408,0.564593844139569,-0.972988333360791,1.0782648002309,2.37708243470866,-0.632125913403217,-1.35495201909676,2.81199025739472,1.40407057236592,-0.419269356622267,-1.41048826142922,-0.622792084746002,-0.410078526349963,-0.952630447974777,1.40254006920244,-1.82842391690056,-0.93780326433926,0.270627743552984,-0.268386730791514,-0.724380286392619,0.254297439080568,0.234761765417294,-1.61359753934384,-0.846811268123654,0.318316385061209,0.762983536473265,-0.214630138266587,-0.405595781958656,1.3985585597029,0.215656855054622,0.251042054524426,-0.596609133987431
1.34582727112599,-0.318086770908319,0.0652396942226145,0.862408185397715,2.36796878833723,2.35824678571545,-1.59571240027582,0.432806795348027,-1.71758533253094,1.68842062935684,2.12812903319274,-0.717806328571105,0.306024376537285,0.570511203969467,1.18485189745198,-0.45478888233511,-0.0485245418325524,-0.454277311404083,0.708781818524395,1.17204872178412,-0.132146475828097,-0.78241193937101,-1.42264780093578,-0.160353588372185,0.471461686542699,0.000937966778117687,-0.384244768314142,-2.34693550349666,1.13102245926574,-0.633299851023775,0.796122227048879,2.03847350167566,-0.672308803708676,0.423018958691667,0.396854095037603,0.159100858425909,2.17791634898216,-0.555030503859623,2.32998634064627,1.36087443621988,2.06725955110563,1.03053976892451,1.09661551341814,1.64956228107421,1.63675914827488,-1.23291309353566,-2.04466289114103,-0.954531462029401,1.16924642550644,-1.14276650895668,0.722387133969556,0.911066107473837,0.202088178019796,0.716851673504879,0.208054297850269,0.0876622275987371,0.62574960304635,-0.361154732774217,-1.65037069636134,-0.454824731085094,-1.12384099473427,0.530145751775643,-0.244673924914657,0.0716987961771774,-0.531825102183528,1.02634029875862,-0.234066593745923,0.685681177059043,0.235109064228747,1.19664093002976
0.362394879018465,0.469491455033063,1.66914743718334,-0.221177067321216,0.411769106155618,-1.20883836291791,0.352221616989548,-0.484014811488644,1.13732748584334,0.620519313976956,2.34800565050684,-1.99686272228949,-0.857789035159088,0.572288432726219,0.635859308744345,1.05048888828494,0.45193893367334,-0.96702966024361,-0.142345807511152,1.09825452448765,-1.34627656008209,-1.28764577684671,0.1150814642366,0.119239730414644,-0.0215387254899769,0.240820149751943,-0.843387952066733,0.360328799548099,1.68867063308067,-0.315863051903488,0.13822083966497,0.513319621207241,0.111928659595739,-0.966062632746902,-0.410043627820347,-2.46495428853926,-0.148883590962259,0.232005696835804,0.750528664627438,-0.128902857201931,-0.199812389555638,-1.27981141327728,0.074520837649228,0.301019189360947,-2.18575839091704,-1.05290156180888,1.1596010434249,-1.15868272172738,-0.723090720808265,-1.24223619009224,-0.593960228209087,0.145301536451423,0.547186873064607,-0.82918271530108,0.169612805741642,-0.38690108548427,1.08332347619598,1.21818189047421,-0.567064924010388,1.05134944913877,0.700558551025183,-1.05633585712116,-0.231849284288025,1.13023381148739,-0.0247913897383268,-0.217036497538003,0.153727291812356,0.0821712163727777,-1.12611068632228,-1.84052620576672
0.118079668389514,0.023006100681744,0.368592970903847,-1.28934444816077,-1.4791418311212,-0.0900509990936918,-1.5411592848614,0.116083450044624,1.47893842361776,-1.36172128216854,1.28622775511205,-2.91475136456433,-2.79742843778884,-0.587523178623127,1.76115205482545,0.12635899720902,-1.6731373282155,1.13056153758394,0.484928037109742,0.107195465182961,-0.0898114175945253,-0.413609823487087,-0.813241210532307,0.43333164558268,-0.501880769492916,0.0209667109704982,-0.548315016499424,1.89172891939237,0.204997146369698,-0.048160698084221,-0.838117214947097,0.176209585814369,1.23868081452963,0.73833789866766,0.277294467689213,0.249929509087213,-1.15716977610454,-1.13581207113183,-0.805176200437152,0.873789614786685,-0.444549634959262,1.08203905517721,-0.915539516154443,1.67008325084568,-1.90057963177919,0.501073202615814,1.4954852231487,-0.129861055106994,-1.62465728893947,1.49512100264315,-0.707808891529821,0.353947190762339,-1.03484329335954,1.62256207185861,-0.263978078296694,-1.14971564173237,-0.991630701105056,0.057599709197112,0.816211020635479,0.0486019164766543,-0.339658255074548,-0.823201274299065,0.791609945125165,-0.0933825138358064,2.04727084932703,0.0756761866358227,-1.77980448536014,1.09258818431584,0.10128390211669,0.0612161131957932
-1.50537204057776,0.337431074915156,0.408825686606939,0.760642701588045,-2.18564013674922,0.44872285437678,-0.835271804481996,1.05688068800756,-1.41833198014762,-0.641056912968314,1.18900975937883,0.0927456324656067,-0.745538097431675,1.36295743069341,0.392749040263106,0.504265389097548,-3.17807432474886,1.3009057968923,-1.78466774266581,0.53553810138301,0.737893359139999,-1.25260431443812,0.717039373318199,-0.346723801692262,1.22507076018813,-0.828304022386096,1.81783335249507,1.86932713397934,-0.147172769283621,0.43429617835547,-0.633989505318041,-0.122289932955594,1.67979165165925,-0.0747510792759766,1.38836729478579,0.992264035528288,-1.058299216087,-1.32627781937791,-0.625081217238883,0.0895503397335771,-2.02590878328739,-1.87158605528351,0.934684177449475,-0.574883142679671,-0.189183668883344,-0.183650575375601,1.7150693502306,0.404508591460063,-1.96850804872716,0.144458285215445,-1.06080628743906,0.601392830011432,-0.103367742189609,2.38573157173699,1.58239551608547,-1.44511286257779,0.415513214165604,1.50151451835081,0.447750614996587,-0.291179477328514,-0.320098335647691,0.85976846531504,-0.107896365937481,-1.54605981880113,-0.712841707664195,0.0216750500067367,1.34955272117569,-0.56503055135987,-0.443671976228577,0.305479483271583
-0.427663208900097,-0.552489465143953,-0.928315211888255,0.684512141634788,1.92285254412532,-0.740131145885553,-0.587215275764054,1.0436874388518,1.0752917662288,-0.00966117154359983,-1.31092699946691,-0.270717084332358,0.286488180027305,0.552545798949451,0.683629002157739,-0.467648624002295,2.54930861435955,-0.485110922974453,-0.532335602880824,1.16933427495226,1.8684678825644,-0.618979751865948,-1.23510455121809,-0.403783525916718,-1.23855825568059,-0.0186774484471958,1.63824522083087,0.911263489523162,-1.21337552819115,-1.20703607126951,-0.906212414094563,0.93839127652589,0.138668116376235,-0.126590825854377,1.03799050674837,-1.96820708768642,1.46649944185955,0.304502347373898,0.252076498542065,-0.932596805031357,0.682621007435395,-1.04935532433171,-0.568216740356162,0.4953224688868,0.328779740829077,-0.631875421976979,-0.388882380090776,-0.16293110103927,-0.104630746591602,0.463290213791112,1.2457067417853,-1.07590977242616,-0.271514260630141,0.801200013756007,-0.323703613724354,-0.341417482046379,-1.63355138036225,0.386131276747038,0.0744863628698044,-0.0253371559352162,-0.909922711363929,0.546453938437958,-0.832287980588165,0.0519809177889838,1.02482570962953,-1.05984574472434,-0.615590099973361,-0.288518459654404,0.458053685717717,-0.300108856087071
0.335055421621076,-0.616870846091393,-0.28854869829962,0.0264383077251872,0.205272472703504,-0.776674223664315,-1.2173566554562,-1.04873423456122,1.47380467208689,0.546459257138319,0.494919630645298,-1.29735104460632,1.10560850763544,0.549588433855094,0.854102514680643,0.493839424500851,-0.135156296254145,0.0386140994823226,1.44450769369163,-1.06980100109477,0.0691302726702357,0.0121358434455086,-0.687997658949175,-0.282794405210609,-0.409554221622958,-0.675066587556463,0.367781333186304,0.706786521255882,-1.72004342791093,0.134678379560017,-0.246436839361956,-0.054969607957236,-0.684334059851021,-0.96754707753671,1.27603416862463,0.409953254280898,-1.69864427186339,0.0925361556739594,-0.107881313499995,-1.08134394032461,0.286592353939345,0.922634461323351,-1.434600229482,-1.60277746842873,-0.172388625168262,-1.77947814017437,-1.09997599969759,0.181329745337132,-0.676600662931375,-1.13817442926642,-1.0006225922805,1.21381918643428,0.446559793781492,-0.941267294909309,0.85061767167616,0.764051316393323,1.90063075470134,2.50411803461187,-0.157189067018856,1.62698961870305,-0.459277758649475,0.411717858356254,2.17970038856357,-0.983290148871123,-0.588719029167781,-0.589426243490795,0.86546862088296,0.546378918795942,0.608408723769137,1.53313899697048
-0.26004216610399,-0.502990536473372,0.376320186811101,0.375354041479254,0.723709641461834,0.42111063538734,-0.768757087392675,0.012781063948677,-0.438473313850778,0.343202780952841,-0.162086525941478,-0.237308734525023,0.29374077501044,-0.495506249683032,-0.869900963428407,-0.00291210749071691,0.358834774282318,-0.302495880390736,1.11552270486411,-1.6291461973855,0.707843119308324,-0.086956788712853,-1.45035452151973,2.04310698983722,0.448601828217801,1.0528350393071,1.19821231407737,-0.762648173594938,-0.387099419636921,-0.357593044470155,2.17411416936418,0.129930230938391,1.10970156266068,0.277544189157566,0.0869358997983546,1.71811300046082,-0.970238252130174,0.417970586166362,0.420507269727552,-0.474101298517849,0.481688503090457,0.687385324508497,-1.27521910904599,1.22431896253366,-0.00228623395481056,-2.42201189528685,0.84928975350755,2.30982918786026,-1.57916008538304,0.732387984990288,-0.196796329455417,-0.931177067472515,0.0580760817724148,1.42622949941383,-0.750596074515495,0.684050001101174,-0.079773909444315,-0.509870231168007,-1.41430468153464,-1.1871153655927,-0.492876394311462,-0.612120081570235,0.0207708664179504,-0.0851886967915684,0.487564840801246,-1.97862811849224,1.0419658187754,0.293442893085968,0.24558346283701,1.10362988804586
-0.101836783474493,-0.493391389327766,-1.09735720794142,-0.826711166479001,0.915731053586433,0.153261729470093,-1.08962394987273,0.600509548782986,-0.832733030937542,1.06549872940039,-1.46618994447924,-0.274808426239313,0.113191758852498,-0.96418109422877,-0.291022714506461,0.271124425977143,-0.698353313286982,0.869214502078927,0.42670736587079,-1.32233252780753,-0.67089304825555,0.238421442852104,0.142666137010375,0.178508221880712,-0.566886951899581,-0.862511595247607,-0.617094661108287,1.4672564171675,-0.154559335629667,0.692622486792044,1.17374765634123,-0.387014075897537,0.00226034302368784,1.74909968481254,0.647619403020389,1.39480087384674,-0.764324147641563,-0.161097451581548,0.588844076000673,-0.323740091422814,-0.436492211669096,1.22253884775605,-0.854922600445907,-0.0353723988610039,-0.948248215190485,-0.178135048267584,0.23216900230932,-0.55413678492909,0.0505008097107594,-0.498220171927361,1.41458526099193,1.24015479655799,-0.718176947719694,-1.09025335901693,-1.19050798038551,-0.274764441551902,-0.0653551086151338,-0.892208208046448,0.150227324426162,-1.64507892188663,0.555017515699073,-2.0335484808356,-0.470725543728528,0.105687773329034,-1.94866350615194,-0.654181678583203,1.15408704271546,-0.451682644386471,1.69312675852842,0.439731681949275
0.273630374350549,-0.1110321551417,-0.128755436637295,0.449001650840676,0.274592934879293,1.3171435018119,2.53745450599987,-0.381037898316771,0.529424206088433,-0.213206655864541,0.317242633243638,-0.32487324365909,1.5749859768061,-0.240086741564347,-0.245195933240775,-0.690038400240169,0.860099860389406,1.11155186446147,-1.52253063035244,-0.924616246061662,0.236811853165231,1.56633098588226,0.0226878370026016,0.445302259250258,-0.544580958095424,-0.601552974018584,1.58310688437499,-1.39929185895371,-1.17225768259335,0.899233533507502,0.14124685956531,-0.740062317805761,-0.648721739347624,-0.682635974509165,0.202263900365411,1.35578956787071,-1.18656346421853,-0.188847663741865,-0.352167705041941,1.30743834816205,0.104521588791557,-0.418923797592945,-1.12101995395095,0.21664162410042,1.76121775502163,1.74445629794217,0.756103724254575,1.41300098717197,0.0841308328146659,-0.418075782097222,1.25690358294494,0.0507010473216587,-1.45478249744561,0.841670752668353,-0.0203579400950679,1.7593246451659,-0.821437967038239,-0.32973022921545,-0.141493798851436,0.413087391122089,-0.317507559146178,0.973631580460289,1.83485409048726,0.119463252811103,-0.405239673692237,-1.01305443132682,-1.29694173874713,-1.03386230771314,-0.397397158610878,1.76748136468065
0.0169928915797807,0.173903915251264,-1.21667619022017,1.02145355867389,1.24783714982516,0.242327807158521,-0.335997913900462,1.08457460003956,0.721819850179422,-0.296990863272962,-2.08243714376152,1.56335637039511,0.897537133725013,0.130285183692526,-0.629954014748451,-0.85892875455631,0.150158360450451,1.12425350974088,0.351596348509192,0.918245667714541,0.495019483152548,-0.413661564941235,1.1272282817407,-0.567568770278409,-0.0201618190615469,0.15188986293231,-0.438101198150551,-0.944665518547643,-0.716116125131595,-0.721591484977024,0.725325597884612,-1.22373731462499,-2.0467998450469,1.77609904947473,-1.26221078162512,0.885941070416345,-0.779082560778885,-1.71804817979124,0.942500634957724,-0.883044663439737,0.374515783746033,-0.25161976475715,-1.11940713583415,-1.26096082388787,-0.0798607892092117,1.68954748409413,-0.632467561407243,0.18195916036177,1.4111488665411,-0.950061229676687,-1.89329699233911,0.634173089493562,-2.49379701676126,-1.99248567320717,-0.735984342266715,2.58722608040436,-0.682209236755351,-0.546178230282431,2.33326796569294,-1.13570360992279,0.438151371460715,0.135906222951936,-1.0033497962147,-0.496227468040271,-0.24401403385516,-0.345698860009025,-0.405293973122587,1.42168420315319,0.439646614439118,0.110728952166619
0.185559142789212,-0.100749911125046,0.0288045266158327,-0.542185594062802,-1.51542088684513,-0.550908744913604,1.08037351765648,-0.415217763433496,-1.33266931161295,0.440032679771246,0.788822080934199,-0.242021991619264,-0.0662564291900121,-1.87377021331029,-1.53789024334803,0.43554462520287,0.0564387464106363,1.97809676767681,0.811036380503926,0.906676111098942,-2.50264035995128,0.931730533906587,1.06784856051178,1.13300787066502,0.753786867385238,-0.117352465062734,-0.685846895919187,-0.0116411340453416,-1.21308927754649,0.479512867414378,-0.438189950695505,1.26258437351434,0.457299501179915,1.2385633511563,-0.203793600303871,-0.741262697900284,-1.26555723577893,-0.895505239633484,2.63988503905429,0.0470551337847066,0.304697191621795,0.955608705986422,-0.433421382996153,0.934681379501198,0.438312060364168,0.210299877853999,-1.14276922826236,0.257147564136259,-0.813171240132964,-1.366759663833,-1.30262093623322,0.19958369330017,-0.421879468402904,-1.43305773212327,-2.60139369676393,0.386011137422236,-1.00406396606503,-2.75735829569218,-0.284160616214589,-0.047687340554539,1.21328201835887,-0.622838510070722,2.08769624186898,2.12655009751622,-2.28804663947702,-0.910533252626587,-1.07532580773687,-0.316298329618449,1.4524707424642,1.32445282969552
0.417041817705903,-0.35796036241781,1.44181052461169,1.78588926676255,-1.52199138077113,0.459491896221264,-0.230619839373847,-1.33776171380048,-1.08890562541627,-0.494324519877336,1.27177924937231,-1.13787679829866,0.937251761130256,-0.387287593462397,-0.280456570540461,-0.5883508341646,1.26077210275839,-0.055389064208986,-0.575465424462607,-1.13414911640689,-1.15980337530712,-1.1746208246421,-0.748548931194854,-0.568404902887703,0.0322470656746603,0.212904650576389,0.787658205981635,1.49542395199373,-1.37014360226834,-1.35709107615696,-0.784309103558032,-0.36961679593169,-0.940231684722888,2.21601437531499,-0.614737499106605,-0.869034790075514,0.290761887797673,1.77384962634228,-2.21069509314606,-1.52327968398817,1.86218924905751,0.523665675033186,0.16037007571313,-1.38736231177273,-0.973616515890944,-0.134243317601856,0.099727836324278,-1.58596791128101,-0.7028552037117,0.248911342971172,-1.75495659820785,-0.363376000541819,-1.85116687609506,1.29592849758411,-1.44961435399013,-0.759116539708557,-0.720846714992758,-0.562841468926006,1.348144245292,-0.873385324260013,-0.0965853365838012,0.363442843126561,0.290499085226325,1.1016860698471,-0.258834971971798,2.54279491235654,-0.42744117760035,0.256595892293274,-0.689629081531771,0.60381218652537
0.228991467596364,-1.17437464410723,-0.842069938353334,-0.365038480170564,-0.055089481829579,1.69401411252114,-1.05890275346335,-0.886759870333432,1.48737490617267,0.0908678907941175,-1.1446138270896,2.8921219868961,0.754267747771483,1.02122819578565,0.705079574730126,-1.90842751002563,-2.41715124721901,0.679204720735008,-0.0615183231450706,1.01515061157489,-0.768805499023835,0.869967473612011,0.324344696306294,-3.01528416562028,0.648449376008806,-0.0774467769961806,-1.22700879679419,1.18215968905979,0.59097511581519,-2.49295551717473,0.945833165647658,2.52819560537164,-1.14195051556069,-0.785792407781284,-0.435037654086774,1.7663116715792,-0.550685415136789,-2.09538841184493,-0.0310867352701641,1.97987411673593,-0.00622914768093404,0.279432728013378,0.333247178772846,-1.87373464727071,1.88562398710872,-0.328656350627412,0.681648115779028,0.576760794301126,0.771015107252484,0.195161150561028,0.250644567309377,0.34102307461782,-0.00725771585839951,0.226008695551104,-1.19809883798098,-0.0215481392303249,-0.331574299960656,-1.88916054206361,0.874995853102724,0.603537020020771,-1.04462868676047,0.133378691263102,0.1924222807418,0.545575979474685,-0.736018827719168,2.16719612756234,0.949677465430927,-1.69554736032006,-0.897819082937126,0.590627478759795
0.0752954824977943,2.26599920663716,1.76102357159212,-1.22822449244812,-0.803921892733984,0.0661930154983655,-0.268251242798391,-0.0836852908543158,1.84611584975614,-2.13898238597838,-0.304632045433438,0.278214946188991,-1.83184521323857,-1.60549482451786,0.745446649292843,-0.0983761805374567,0.703884677004924,-1.92532749787689,-1.59686382016984,1.57452230150898,2.08507144098232,-0.0109821163039501,0.87212025032962,1.12994459114635,-1.46224415951713,0.204093194356715,1.18940638522877,-2.90804196387886,1.2835660927274,-0.514689427481909,-0.739367802104066,-0.626576849018572,1.35129260107481,0.817897893410402,0.823353927678446,-0.0542605635480996,-0.373694370333455,-1.02378430079221,0.822315687952363,-1.38179153785849,0.0170479101970516,0.646273715689238,-0.138051311293069,0.244010539555804,0.467952755442093,0.168491821414077,-0.179278704824263,0.500615072223871,1.18063909076514,-0.773550743023045,-1.41281236533885,0.76745999167242,-0.175293228975172,1.9579896758905,-1.48164510624467,-2.01390182383865,0.430516174249494,-0.785552477909144,1.45021447844929,1.1027801027788,0.371234096519069,-0.049874776376304,1.62443657902493,-1.22147499162248,-0.676281433007732,-0.172388189061447,0.422080010055865,-0.0517326761764514,-1.40926175302544,-0.329436876129927
1.01817934378847,-0.91595385504274,0.145661246878851,-1.08568847639244,0.0594218665230169,0.467744028749633,0.565371389649927,1.18247437611246,-0.353775895456042,0.265438193339603,1.95688925554755,1.10502982463442,0.82087328032752,0.670395333531071,-0.844007365655784,-0.499051306158027,-0.751531618459433,-1.84854971294622,1.04566400940733,0.625779958132333,-2.00881653334288,-0.516269238379709,1.04397718842502,-0.665465115715134,0.0161936347367273,-1.56236299530914,1.78234872412179,0.78007367279254,-0.750915246577477,-0.960960884676728,0.235030741963202,0.594835424606456,0.212691563184415,-0.572726201805696,-0.196167508037587,-0.153598823033688,0.180305938303955,-1.97168136793756,0.189390617268779,0.426770218611234,-1.744435010263,-1.16708256872557,0.588006219151614,0.082119952125363,0.517936296293226,-0.350818891345496,0.842862278741238,0.872719215593731,1.56904343102837,0.532704873394006,1.27307820701287,0.455901728280714,-2.62905394247682,0.59198178328266,-0.774907303085526,0.00795481405140024,0.7539105579152,1.09464682695814,-1.082672606872,1.05536702163091,-1.22949143304212,0.379347952209684,-0.439400755852199,-0.139263248406501,1.95246147463122,-0.822223647694323,-0.622689517358701,-0.642682452992254,0.360214589486853,-0.848240492973807
-0.594940849141853,-0.0150031243932149,0.422835729714955,-1.24338310722152,0.169089112724319,0.0113892905945955,0.66328874366245,1.09593201508458,0.480181472256533,-0.232183681360883,-0.837652645484608,0.454322469464433,0.42558985838304,1.65216128131535,0.973480263266961,2.0241152733495,0.39417218156411,0.400335869684952,0.312843913133332,0.196599934704903,1.75598942204455,-0.338454589386065,0.403477690297259,-1.33872021415332,2.31629689619294,1.02214551802746,0.288728049132943,-0.694155671832762,-0.0451872046029976,3.19224467116421,-0.379419421586695,0.19311867558322,0.137364495668249,0.293727171791041,1.68658249959828,0.561021067635226,0.0358245618724806,0.694233898505881,0.90597257436045,0.324591898518787,-0.579716243066194,-1.24576540707563,0.395794022301,-0.426246154960247,-0.363075972590635,2.12563871363209,0.472501288743209,0.489077903700182,-2.03643868357536,-0.433457550906883,0.941933760671069,-2.37882696502217,-1.23518087000032,0.291711336760352,0.320503267736802,-1.64695649518567,-0.767458106400851,-0.0417033988425008,-3.02347447184726,-1.1216659354476,0.726320570011764,0.924150897277247,-0.667176717969955,0.429883838526777,0.29473132690892,0.404556135460463,-0.421958022342481,0.320097165881134,-0.0951068204697708,-0.326307154673885
-1.02603056228707,0.746741091816923,-0.503903419698674,-0.9764922281206,-0.402010855112809,0.940084269665785,0.729970776926208,-0.609641571223847,0.127740354912764,0.478587052150532,-2.1480302826634,0.736185495268,-0.183920357354299,-0.561060974130592,1.4995575051151,-0.305616953381249,0.815036136448053,-0.686370657963928,-2.01833390615746,1.09409893487784,-1.50665242619767,-0.763478761788248,-0.202524505587337,0.173612736515989,-0.0256799574302704,0.554262094320302,-1.79214372044109,0.317785005552132,0.839970457021066,-0.997527127896017,0.447573404925173,0.103384403434835,1.05967253914442,2.84522054319159,-0.185582095307141,-0.75292643182336,0.19327308543105,-0.0455549314973913,1.17074554429407,-0.398638272809917,0.696546117463465,-2.07664022323448,0.71049341487361,0.264650694490486,1.03528304307086,1.51946790971034,-0.808430594073938,0.71957357031436,-0.139873180223949,-0.9884579391779,0.121645300781867,0.137252869355855,-1.1733238752423,-1.65407230499501,0.21675221957029,-0.047835591123405,1.24836748144393,1.33489975202814,1.09212331151589,-1.87142315202558,0.723163767907797,-0.620005278986223,-1.37855539079249,0.574250118124518,0.781068308497349,1.37081669631905,0.51652289509342,0.157424665789486,-0.834971309260518,-1.57950601651975
-0.553146560520335,-0.150003121473706,-0.167866488121272,-0.61755739739786,1.12065994859983,-0.396163184196172,0.691305372433682,-0.297437731016873,0.351158023723717,-0.550267406083666,0.897685672020087,0.337164171470608,0.123130378755276,-1.32092268193629,-0.0383395304375339,-0.819381599223292,-0.177233279786162,2.06857092263406,-0.586532743568902,-1.884313096696,-0.369881652343173,-0.0634937247405278,1.32558546494476,-0.57894000162792,0.766963302209488,0.0838449057106188,-0.206553668424227,1.16644945483615,0.289467334005361,0.516224034958508,0.580544985111473,-1.0077703126673,-0.0117592047264652,-1.17772390296322,-0.60184695876812,-0.149702162441132,-0.5416391923672,-0.814312193193503,-0.459128329146398,-1.33291761134256,1.19860527019083,-0.0860268437774903,-0.644906174572581,0.912415095133889,0.987517390026217,-0.431453352731518,-1.99713225761323,-0.935524950802631,0.444487295567555,-0.515026439692351,-0.553405622893344,-2.21209335326555,-0.050725185365244,1.21801868368589,0.225814065923793,-0.0508908400112648,1.10008465910197,-1.3969520830159,0.157707288629231,-0.570896519519821,-0.344100102117914,-1.09942290175289,1.13593297563903,-0.123581493097488,0.189268416820894,-1.94981876294194,-0.796782132105082,1.77466759539115,-0.626688119855191,0.453946485493552
-0.53097832311285,-0.821275023554767,-0.76006158748527,1.06439283555524,1.23494464027314,0.111328514582017,0.091010357549305,1.22296440085972,0.0720059666025097,0.911129975861498,-0.370308079543521,-0.412182317357426,-0.777580476187896,-0.627192452292133,-0.464600958867061,-0.267465504910561,-1.03981161389077,0.216284274583233,1.17349472841298,2.13799213203859,-0.157615979300609,-1.52656125848702,-0.459681775384629,0.501456422359907,0.227937293145939,-0.403996773382672,-1.8964331253886,-0.379626148420771,-0.946637469117768,0.670361612189202,-0.181194525292507,0.991287359403732,-0.184013254057055,0.115639431022618,0.42643999773311,-0.348704778128963,0.196008031749786,-0.551216227043255,-0.181207858183995,0.222057931223783,-0.150160212841886,0.778206454274388,-0.249326770541745,-0.0718967921140268,-0.164499369822522,-0.147056295524553,-1.46361996371825,-1.62735171562843,1.95177030714007,0.758813695041613,0.4998289326194,1.14283908403241,0.22148596130796,0.667980588501262,-0.846818831333386,0.82006506180189,-0.291932952275919,-2.30472121419951,-0.192277991659835,-1.05488473736864,0.354683742632932,-2.22727384615581,-0.14416971995389,-0.434464433034663,-0.654861592264647,1.29531147193843,-0.206121735123639,0.193159971389694,0.573210240688365,-1.05011377442545
1.52791326717565,0.0586542808829223,-2.5026765041165,-0.0948908937105313,-0.551770695974772,-0.703483874603875,-0.285417245421776,-0.168339723318434,0.18835967827778,-0.781421429338911,-1.24205370194539,-1.05349710217401,2.34126492044433,-1.28077008217837,-0.0427685283618119,-1.08674667178414,-0.0971297981144923,0.969319785842275,0.511182370619137,-1.09712354311022,1.48571089283446,-2.14213751663539,0.225975247274701,0.626878966873862,-1.9628611367884,0.112917158010651,-0.464229708977171,0.941529587964871,-0.664649528271298,1.17927535112188,-0.702849915725701,1.39853076168777,1.92711490911754,-0.726933139905163,-0.730528412856224,-0.90986689849341,-0.476641476236221,0.673738804624424,-0.705894556221158,-1.24439267678363,1.79034125797211,-0.435717976269762,0.316301576454095,-1.27501571864616,0.0563953931313963,0.259739944394724,0.692067410875695,-0.785146942174917,-1.01468697877021,0.552763368563474,-1.20061451465988,1.26723268596968,-0.723535056089299,-0.121290434748129,-0.32249766833464,0.886025185144159,0.688765880652644,-0.341153237956577,-0.974061349898461,1.92214625447833,-0.995254916700888,-1.09861441893406,-0.159482806883811,0.168226937830583,-0.674289305469817,-1.53127592091254,0.314261880371404,-2.52195767397792,0.0898437046262855,-0.696775165913267
-1.29996649114468,0.115233617623944,-1.54463777299027,-1.1912443383397,-0.162599546033477,-1.3160874094829,0.19930062096128,0.796875443804888,-1.21243097797639,-0.719051117434624,-1.45897835479678,0.501450994767998,0.333498479629177,-0.464358823787276,-0.459515298352363,0.810164981885506,-0.315406967282389,0.601887307631715,-1.6688172004233,-0.588163496511519,-0.319594664832406,-0.917126901901089,0.295869954547555,1.01412758244174,-0.288406697099687,-0.604703567292661,0.337720876155023,1.22175061315765,-0.927049611307943,-0.826051397466296,-0.178740387891251,-1.68860191091599,-2.75245534549147,-0.550477316127233,-0.734977720840201,-2.24662140274858,0.612953168317311,0.156339284943897,0.145704417617955,-0.220299968522853,0.567535751297689,-0.555315667083763,-0.858791575740642,-2.22870732682693,0.194290250978124,-0.475512509202657,1.03741882959741,-0.90557208678241,-0.398240952291941,1.4711861414276,-0.92890329106779,0.766553817630901,1.22894483909495,-0.70170519069457,-0.411205574197869,-1.71230120216895,-0.180775833313554,1.0918741822149,-1.0846077021294,-0.434220765791719,0.311780448400225,0.136096374129683,0.712721064726467,-0.24653715589419,-0.397258358536281,-0.859789823225697,-0.619288950588955,-0.460260763575051,-0.124006341702194,1.60605882834538
0.208250593432251,1.6453020862143,-0.174638627289819,0.688540893021769,1.32439650580047,0.524517766042231,0.317013932925573,0.848054735414756,-1.13792529767927,-0.352836804742431,-0.463582297112468,-0.308485710726071,-0.774452346129768,-0.0966693969891467,2.38106257404551,-1.03243363622615,-0.53302236632683,0.183465560597051,0.756374576297631,0.303079532942965,1.69556122578219,0.0183150197308771,-1.53682508963207,1.19718700622978,0.299226039949952,-0.670106058540266,-0.964081381303282,-0.0831525424323043,-0.743027139061036,0.852194155438418,0.374811339459153,-1.33843816927651,0.403527696210097,0.0263529761936235,-0.671020384738136,0.506112494470528,0.862692966713286,0.242684172715412,0.387330631464464,-1.2897212140169,-2.31260628677478,-0.325531034058257,0.252636963267221,0.688747170737707,0.0641331681189047,-0.413608602205047,1.30897598100798,-0.880800780079424,-0.810047313004657,0.888259791506973,-0.030568969718959,1.36693808696549,-0.722298787986321,-0.0857833864599443,-0.50958882573222,0.214747561054191,1.30199578872547,1.59095542570628,1.17197279420486,0.134254220276362,0.837984521739007,1.65995350899346,1.04876390438838,0.232129823755131,-0.660468352658388,-3.76167795053232,1.82240624905359,0.0476912466983474,-0.892250180523949,-1.36422861480721
0.189307797949479,-1.08797755428314,0.336819304083587,-0.232476823113078,-1.52158767947842,1.94771794921568,0.827868729112118,0.826032622235406,0.726343392407646,-1.0769479363265,-0.232632897137118,0.662705825679503,1.99506540733849,0.161867822111023,-0.430627751577267,0.590152198402755,0.523953746378267,2.38438377123408,-1.17143927096085,0.186344185613092,-0.376173034841117,-0.31144937195885,-1.08702521921444,-0.326236228604757,0.00879114132450947,-0.932671652279056,-0.717854465303174,0.457194117420919,0.829613586077907,0.304869283297361,0.729856586589498,-0.0930242413686719,0.492755845857646,-1.0468801814773,-1.66184425077372,-1.38660457754417,0.496613083648423,-0.0682634507588255,-1.40163579282085,0.372093287099107,0.0117384526962456,-0.0301631138665316,0.922833576034884,-0.586216421051064,0.497115234879372,1.54582902194857,0.990259087375661,-0.579545720012168,0.777409397682909,0.348459498339795,-0.268359514879528,-0.983956513977795,0.428974718836506,0.0966873851399137,0.351471950983847,-0.293176293089838,-0.129020029595016,-0.595314394666698,-0.418167122259426,-0.842365095702759,-0.321013789822746,-0.937861154630933,-1.10009596335149,-0.57764052793221,1.43267945404938,1.23650929450753,-1.40317246450794,-0.90243845284597,-0.763307248689455,0.509223218564915
0.551597378793174,-0.122850557017701,0.125603753008627,-0.723312644796535,-0.127643306480213,0.421623572787828,1.30213125520665,1.72465967968457,-0.690045887889485,0.0617939625233081,-0.819158635475391,0.263687009020173,1.56194868590766,-2.15007541879289,-1.15763615324503,-2.55272781232824,-0.400814136693173,-0.206933281633192,-0.695794658466653,-0.752909935309918,-0.10089247082033,-0.0598926928301995,-0.628164984483126,1.09500407950123,0.578771231950515,-0.32569228586839,-0.502354535253836,-1.50387713638845,-1.46174988849244,-0.166166159096449,0.0990767376944126,-2.51504884915816,0.228477378700095,1.03993074024996,0.591311205272541,-0.658376365580835,0.0331184016792614,-2.67517049659088,0.0489829138846672,0.833252679284029,0.0237757412500671,-0.985275261044456,-1.35901691806089,-1.23354027766234,-0.214694302991233,-0.962132012988572,-1.82166805319485,-0.674778167123493,1.09013833073673,-0.366235855533792,0.874497521620218,1.06567835815856,-0.818353667778168,1.37369138217823,1.6148939812066,0.744824673343856,-1.55750612202936,0.00967408052710943,0.528565518700796,1.72198854256088,-0.315628151873064,0.512449447712938,-0.593754700880325,-0.642122842068276,0.308253768112118,-1.12464435837843,-0.43986891466438,-0.615181617447883,1.16321822943984,1.45260070610732
-1.24848277280526,0.44737942378325,-0.29723103486408,1.58678719384573,-0.885476421413396,1.30434770433813,-0.302900121288755,-0.924216110050217,0.53824443061991,-1.72763656055452,-0.311045839131166,-0.479159605888479,-0.373223425821728,1.43111930606095,0.0177792993846859,-0.967530706126923,-0.0376780163169376,-0.739101890018542,-0.731298668764477,-0.8127799228533,1.21692516178428,0.161935583220685,-0.73472846186996,0.384953232537676,-0.803092988690577,0.189587553382601,0.953931132308688,-0.838148835443869,0.649393295346411,1.0707500797048,1.56293653608833,-2.2904058891949,-0.291882840873887,-1.5287440343426,1.43505664822118,0.280304319688486,-1.36905951033354,-0.845565634011724,-0.682607516265874,1.11010678926604,-0.695833367573797,-0.881242081710179,-2.61531919840843,1.9696408147885,-0.0110407472632468,0.58039321724958,1.34500508997592,-1.22234483785451,2.15576502517916,-0.339494334765397,0.0470904581570411,-1.39798606092568,-0.343904077034567,1.98457686295459,1.65951901516018,-0.00408430833984729,-1.45520822063076,1.08424081556158,-0.742663377135899,0.387494469436812,-1.99590464349117,0.788460560836534,0.768829528241139,0.675314989031314,-0.895792907137122,0.951530369586204,0.832987427413505,-0.27056062045176,0.455953362720296,0.0663840154604954
1.60395290090759,0.707248670228885,-0.290448513811088,-0.626432921953344,-1.22927032311128,-0.588355169163394,-1.15874626494927,0.405247101729837,-0.940065364975615,0.724281960546976,-0.807930747292125,-1.08325592284635,0.41690267213978,-1.45450486406734,-0.785037005646606,-1.44894449565879,-0.210061047351656,-1.08578968710396,-0.47841872436284,0.714982702217864,0.340998109333809,0.203660398308791,-2.43057569332122,0.688358828189404,0.802547115636476,2.01530426121714,0.685522689554058,0.0938819149436012,0.505591736499306,0.0507447696221249,1.31990408140903,-0.705403412322159,-0.307986020132624,-0.696653554840101,-0.270764425388826,0.184074361843947,-1.49239704369264,0.214883116613531,0.0831581572429585,1.14870633827248,1.66751583361031,0.66512706774402,0.297309930545341,-0.920048586967615,1.06320742059319,1.18102665297142,0.81263987228567,0.930913985978331,-0.501537881998955,-0.0998995105494888,2.46423906074149,0.984262832622204,0.604708855071801,0.700705208293469,-0.450661962628014,0.353561988334837,-0.0840889074480861,1.00757640708356,-1.73009938236262,0.464259230926479,-0.664340398463219,0.161848627942328,-1.30062996890568,-0.511142344683951,-0.144009557887036,0.165014185621751,0.350675549599387,-2.86545773069524,-0.079198740744336,0.732366711933699
-0.359342921283311,0.337635068640611,1.83062538101071,0.577565403943263,0.80331299397373,2.02516747349447,0.387257326425743,0.517316040929113,-1.34807162635617,-0.0414943381772091,-0.71630445498509,-1.20743754404164,2.79287138547886,0.112977045397176,-0.516774354824939,0.286618617142102,-0.344274500443601,-0.38265226466642,-0.433613302330967,-0.599916494161762,-0.101644959352685,1.35910251111781,0.544159014441485,1.22333537347941,1.14959295146833,-0.0700832755322357,-2.96282929545105,-0.569199296857543,-0.749059588521444,1.27116627130293,0.614197109903063,-1.07443941068835,0.23443944251457,-1.25452147397088,-1.24440031671084,-0.413027203199591,1.27290258285611,-0.00776565284116038,-0.491849599594238,-0.00843792816393848,-0.257413960318542,2.46233961891337,0.948307904925207,1.38424468177385,-2.52693002473691,0.422536425985304,-1.35566670556868,-0.370402749730133,0.356964175122088,0.142245721152223,0.66360725762819,0.215568945684715,-0.301002909092352,-0.142880076464226,0.964975289673686,-0.0378410687495093,-1.17966006326982,-0.596257577803402,-0.885348315509522,-0.686155431698475,1.46707282598911,0.125352372046576,0.87541536471064,-0.61068805655761,0.707688635979691,-0.984758287924273,-0.343303001239945,-0.069144308675272,0.288726807075213,-0.430098562369791
0.870838918020709,-2.19068870469748,0.201920404023624,-0.46262006386401,-0.806630338133043,-0.827944538606316,0.0261593865227148,1.29827551116274,0.155410943393391,0.747007899695912,-0.200338666334079,-0.441829318481334,0.187047738760606,1.05886429295192,0.986214408868275,-0.728762046011233,-0.233904219503015,-1.16908474771791,-0.395488063087409,0.439972221257412,0.646764304858392,0.535999318647317,-0.954505496222793,-1.37562619870928,-0.231841466678999,0.40084321716282,-0.595442202254547,-0.558193456576068,0.0184796953777037,-0.419482321196638,-0.523901863932688,-2.24271166082789,1.52469068036925,-0.277260925456983,1.463629758496,-0.511000421771899,0.327160087710382,-1.29383563250243,-0.218552113706659,1.54427888955277,0.912012966121408,-0.162081911036443,1.03161469369861,0.748707618081392,-1.12596729301401,-1.44635841506658,-0.112253830696537,-0.0985826940035477,0.376389411012245,-1.09603199230242,-0.527789467875053,0.524937946070811,-0.223205357986877,0.707975812124113,-0.187010624873535,-0.410582368620871,0.24343970055961,1.28923748488253,1.08328138458434,0.707794215239646,0.29375568549927,-0.268284542615439,-0.285036208858445,1.94255719058589,0.53154498245169,0.857076290096602,1.51412027280364,0.179390113531311,1.48811584006145,0.771164607036716
-0.97764669308189,-0.263627968038848,0.9464971775088,1.01936434412284,0.181748027402316,-0.457648914544939,0.763566569442228,0.327229608143562,-0.544795716486396,-0.882178953423074,-0.49078845575137,0.144557378153007,0.331281206666507,-0.61071806061067,0.549445605860713,0.41941294463838,-0.969619038016792,1.61670771301106,-0.31135205400883,0.112826974241986,0.833461005065819,0.340828848016308,0.0679674243265307,1.30419301625322,0.662698091187761,0.0127678312985493,0.0200613339905445,-1.91491966951379,-0.501110885015362,0.144706806603554,0.181437306821781,-0.647616752288988,-0.498693177937092,1.3366389030488,-0.856796318583629,-1.27959342883762,0.62958371870401,0.117790952767076,-0.912872676228247,-0.659060740680585,0.546733961960567,-0.423604036619099,-0.444320459313954,-1.00571737341405,-1.10996355853658,-0.368082327391769,1.10874694670917,0.643785003026808,-0.593456340485142,0.598219315165791,-1.83880970379937,0.641444666618249,-1.00464655569061,0.545022920032192,1.13894283673507,0.69570268482479,0.732142875704282,0.314038650767539,-1.10135464895129,0.477281974191392,-0.321506582025103,-0.597665265716711,-0.0812355594366011,0.0840211061111248,-1.87336908191538,0.266273737308218,0.724530823906377,-0.703327632807257,0.818396547061161,-0.689128265690852
2.47606394774231,0.09752275129069,1.17174412486037,1.14395598004446,1.28878849988861,-0.663018423201841,-0.278768821108111,-0.377056767334967,-0.40914640108116,0.852131327569212,-0.594467310012471,0.820803231526599,-0.0973360829542027,-0.675142944243238,2.1889730901851,-0.0741251659234711,-0.517628999298244,-1.46224463189765,1.92010221674825,-0.93490229133617,0.502193927267659,0.265955204745196,-0.461952418030277,0.509489184898514,1.1655360574721,-0.816839172568761,1.13682339267637,-1.20301417900456,0.322924551305655,-1.67564861047429,0.392862294314442,0.397439791243253,-0.801733552777677,0.98002120639511,-0.343865795252418,-1.32240466970854,0.222224115751967,-0.936773250024168,0.133089360233444,0.500189053949759,0.43898398831642,0.770495502563554,1.44595786253809,1.45958866304754,0.886170100171803,-0.644087063802031,-1.06525952433318,0.30751581663832,-0.780492273298742,-0.122655426080585,1.01900216146147,2.16268531148711,-0.744216725486475,0.85244538115672,-0.149220202924993,0.0581995066748746,-0.882610843193118,0.757937009290217,1.02487915013163,1.32928242567271,-0.304349896273623,-0.404203422624448,-0.863096338989546,0.665547434759377,0.408004912282959,0.018922196696705,0.687846911324753,1.04326428427602,-2.27392044270024,-0.341879945498782
-0.516972040582628,-0.609543372380514,0.219932886516242,0.0534570244070064,0.788270361602991,1.03775529553516,0.572274582073897,-0.255371426295661,1.67335465365095,0.649774080853152,0.895296691982776,-0.248944053832562,-1.04815801197968,1.03353593312752,1.23735856369058,1.03150924540849,-0.964346742166159,0.0753548167366369,0.354580746302653,1.63453025779912,-1.13788721189636,-0.717811372212566,0.445740210983204,0.38352609124537,0.928838327809317,-0.681923135244889,-0.820322834360723,-0.871810509002346,0.714513020909786,1.57604731307034,1.46582607496998,0.448950974352153,-1.78302650266665,0.506446064800261,-1.40734348293923,-1.46997086512467,-1.74291456283692,-1.5641299244979,-1.96892007970044,-1.18494681224628,-1.52404192337201,1.31435031654197,0.477829273425662,1.24948829339173,-1.08691164688148,0.57247972989635,-0.626598280237986,1.08753316266682,-1.48202165176022,0.835260789608432,0.27719346646578,-0.064742245672665,-0.802880430161236,-1.04469818732579,0.674630329108557,0.183928821261039,-2.241017517861,0.995132558944827,1.38011991654904,0.732169561097799,-0.251848383726091,0.97381514546411,-0.187916844296768,0.499125276984491,-0.136699229652389,0.410619025000693,0.420054941986846,0.456260255317044,0.838950962955937,2.15607886951699
-1.61530568073232,0.0120244214544503,0.847848359415125,0.392363386693511,0.251534977072954,0.275459632682977,0.105172380798171,-1.0256467725072,-1.34243729425868,-0.687029289947786,1.60373970284587,0.00793688315048539,-0.185711897865753,-1.26249024847403,0.594190692660244,-1.50510429283771,0.733816854933603,1.38426218621283,0.23400082792191,0.137159257905369,1.0995398934176,-0.72813734619844,1.31923532990259,-0.255023380262539,-1.02159862783717,-0.587120321062547,0.0590562736808083,0.775182132218958,0.619223140282696,1.17187941264433,0.453859083717323,-0.396253785080635,0.339690142985002,1.14115512039023,-0.486735220280311,-0.0601713626513988,0.837315780011064,0.50777960007143,-1.32753007762177,-0.690712257225402,1.77842772141735,1.54898374477399,0.124575780909508,1.50931413697607,0.790443978401918,-1.05349214923487,-0.30127695623078,1.27818494833055,-0.862327539751699,-0.722164389886541,0.156546491578053,1.12464220991032,-0.80440579438272,-0.14866307751093,-2.44051215586488,0.256790967831405,0.0791370873791382,-0.684664452336272,0.320339384519783,0.133417848660956,1.19417168794263,1.87790787528752,-1.12271375475229,0.599889403357732,0.101975479449119,-0.935343280239732,-2.54496247894844,1.7264807070754,-1.40853636272641,1.48848588334005
-0.254290658955184,0.59321859580138,0.376057021115799,-0.986856286847427,0.191939548475031,0.136897891803979,-0.635513118936604,-0.716411256010447,-0.544499554615264,0.67160020442303,1.5640147090152,0.136528392051481,-0.469823829028444,-0.0293193755837656,0.578032589298049,-0.0778248913624,1.48315202756988,1.2918454136085,0.951086073222228,2.05924488026641,2.33333298395766,0.287078203342222,-0.422571782983298,-0.860007799763129,1.294073385585,-1.83066221021001,-1.96985374013633,-0.907016556141347,1.96712872363835,1.34767763073787,0.85139040569221,1.11679236723389,1.37162946268636,1.0559704823301,0.0912360338509711,0.784207177275865,0.796784457363746,0.438613411812956,-0.660409069031747,1.31072975500956,-0.163372272299531,0.419249030207593,-0.491225261612096,0.717636194958142,1.73523536928946,0.0423542356864117,-0.476645254923494,-1.33909203084325,-0.711636657299976,-2.1315790204597,0.240955057477398,0.866355878943474,-2.11129918543915,-0.700020817118032,-0.0955594694147395,0.0960269547972758,0.518090892521522,0.159857791393828,0.920884358533083,1.33733897532594,-0.49211780039959,0.481022976981381,0.968799129854452,-1.02110425971985,-0.688918239473799,-0.266952840288886,-1.6041169585058,-0.906503750465524,-0.620578193468475,-0.627848939916271
-0.686600664789125,-0.689309586979766,-2.29433040915454,-0.294679078208292,-1.748027641136,-1.62634056795524,-1.21836580447877,-1.17293332980869,-1.21594812248369,-1.2308366867383,-0.344931569869375,-0.93697648466495,-0.491029039859893,1.23624901025921,-0.58236306684088,-1.40431787385271,-0.0921154487910484,-1.37385733063791,-0.0620903146261657,0.533937390357002,-0.340277407429076,-1.4705253166077,0.529293128427178,0.729138179641055,0.489801765478944,-1.04747460623211,0.145378349960971,0.414896040013965,1.32298085579694,0.165739924916119,-0.906130141621409,-0.720535402988505,1.06541209615051,0.131462356199984,-1.76639102457157,0.332211426644979,-0.794757290249121,2.44200184016513,0.178244674792627,0.0870712995463617,1.0605593819054,0.551474006063149,1.96779038179121,-2.13380572635819,-0.912204065935996,1.02174772786131,0.423152258638299,-1.75958057839384,1.00439871113698,-1.55977531312236,-0.0351818068020208,-0.820428060559316,-1.9623725552628,-0.251035241002238,0.042992584550229,-0.537077100986146,1.2199675735564,-0.591317944684936,-2.15124742664623,-1.82020833493637,1.05417451841818,0.0964906876403211,0.427204269829781,0.124268494070283,-0.141170151895402,-0.538010359908037,-1.52432209097646,0.639517159665998,-0.194747878653077,0.255434576657582
1.46732491586781,-0.901972552172647,1.46991007536384,-0.194897222442104,-0.704412789602019,-1.72203118886254,-0.647469617361703,0.599786556367882,-0.266022925194997,1.84013563267952,0.465415883686504,0.891056070554954,-0.286367930628863,0.233109376419297,0.534519463062353,-1.62518180216929,1.15969837533695,-0.248031402036356,0.151707353017728,1.70781317247169,0.636144922144327,0.212974012931118,-0.286696322552413,-0.660038861280356,-2.18203972751396,0.192547113390708,1.41125186297176,-1.45334661691753,1.35780249366221,-0.149114586537537,-0.672182099983181,-0.0457946797409112,0.436498886639884,-0.693749646946937,-0.978428548067981,-0.689060435731921,-0.328035375319613,-1.47918849610872,-0.313715359177886,-2.18931003397871,0.43182222323765,0.928332357704129,0.119324836838812,0.12708142344683,0.46899227660345,1.24437396889198,-1.49055597461305,0.0271700371141333,-1.51171007410746,1.59176764964353,0.882057688981268,-0.278278764768983,0.528943927592788,-0.174029509056297,-0.529750025836666,1.39860340189399,0.755818416630511,-0.187299948222655,-1.11726799992906,0.124666381758741,0.000156952777918232,-0.275705684518395,1.07594106037196,1.16466055692623,0.0590096359845724,1.60206199637568,-1.93229915834521,-1.09778274158789,-0.552548526555497,0.615450481446002
-1.27698589019214,-0.745308448624271,-0.595368588124464,0.0118791445497941,0.308346383313341,0.203369221763889,-1.10474345899465,0.934263773849454,-2.51092988214968,-1.16975685996198,-0.909234513603529,-0.0564724287388931,0.634925937676982,0.596526625093059,-0.905009811694936,-1.22897494188214,-1.74582208725669,0.593047618661774,-1.8826977649062,-0.633423927797468,-0.119975326587902,2.02106978652151,-0.838973889188142,0.617934152837885,-0.391079021688317,-0.768792417854394,-1.57251394255086,0.359981030810721,0.797525786509407,1.2748454822038,-0.0414374391236609,-1.04195671545768,0.663183361938626,-0.599793789864242,1.94749703421084,-0.0831828232811461,-1.04692760699076,1.01858269286293,-0.142473191848446,0.633036115667594,0.222617588418728,0.464438132494634,-1.90182992958983,-0.459715421846642,-0.205337902910573,0.146055020482625,0.402273014884355,2.76263099283331,-0.0116462149088471,2.2924711633891,1.71824785119787,-0.317081119109399,0.229342279392553,-0.107515019937666,1.29044221611257,-0.366888133153036,-1.0120108273994,0.0916080986562598,0.476164542163452,-1.16247363585903,-0.210648320543998,-1.83042228779085,-1.99540420494896,0.771065620370075,-0.929843576095446,1.90610762242798,-1.80146314796459,0.472532122489305,-0.494615168727956,-2.44239192672792
-0.3963030172168,-0.495464007044052,-0.0338846898728201,0.470980582295274,-1.17319349952238,0.307672744707247,-0.342955064892665,0.65346492907043,0.0185146291947826,1.83515185508305,0.697821889295411,0.451163941599939,-0.0379653803677738,0.536202853379077,1.45555897903481,-0.405730771853344,-0.0225841301875814,-0.303476595753722,-0.745156984951756,0.361940101330757,0.345947534379744,0.19024687149949,0.389839889200627,0.160790770267195,1.38579130608824,-1.15088450767318,-0.976164461384711,-0.644820326680128,-0.40648560004275,0.866728589846325,-0.479260496171297,0.584612622975708,-1.17605172356635,-0.292687794027797,-2.10272023175216,-0.550098428486334,1.47075235222524,-1.06904794766048,-0.569626805835429,-0.700612818198536,0.346448327852422,0.233832492664987,0.857258600699146,-0.684044042099498,-1.25935757937711,0.77621914965502,0.879803393758746,0.458934439902828,1.13438945029823,-1.22832018428055,0.152672867575696,1.26905514274172,-0.0352450920192269,-0.143493571782629,-0.535682808896964,0.257253171434347,-0.323939125886097,-0.0200214937821982,-0.764342424486516,-0.921058799019426,-1.00648716496992,0.833312491217056,0.118455753472451,-0.268754126329108,-0.863452887167919,-0.283071001504399,-0.436695552778443,0.596046318312899,-0.640235021954086,1.02579658846378
1.2686559380088,-0.985988376251062,0.0107183429526362,-0.407277337468106,0.53488238364336,-0.655119167299878,0.681634126796683,0.278004726944733,0.346037398815796,0.181140424050042,1.24047709617518,0.00769265325454371,-0.86165308465548,-0.532949007204362,1.81318088946087,0.533916995914691,0.566950621704719,0.615680051727371,-0.897683176546241,-0.636914756850924,0.0356743429146749,-0.850650901998143,-1.40210427363138,-0.469300324086389,0.567127261130925,0.793963555734721,-0.0343304830226527,-0.0821234616439836,0.871957957270662,0.678238010131997,0.293180276045538,0.600721248073686,-0.0191087768376083,-0.228971647059539,0.121543158596433,-1.62064871554097,0.320983813851003,-1.38694725528224,-0.391508580042225,0.585424775546248,-1.2853557493377,-1.76304258445083,-0.213653850320157,0.173043174819006,0.944518192317497,-0.0838160226959347,1.5927326118984,1.8305290699229,-1.73425949793769,-0.726123789398676,1.61347109756998,0.769389272622279,1.79378698026712,0.650503016552595,0.0970715604764354,-1.1517876941052,-0.107658428411494,-2.08798164091856,-2.0506266405667,0.306674233363887,-0.421720609825574,-0.206760009413206,-0.466894646672161,-0.0563319738548456,-0.762531393067399,1.01844577888471,0.0657511060909052,-0.7810486004573,0.0503436679323919,-1.44960440707076
1.26157165545556,0.845815281217798,-0.031803437948949,-0.23464389661969,0.0866445010581305,-0.337261777802233,1.40348468258458,-0.818251808453857,-0.805690472045457,-0.186090174217047,0.654159626004157,-0.144155243610448,0.764296518743576,-0.650901357830852,-0.716435057236709,-1.37131237898549,0.087243923843149,-0.674795895029098,0.575413754269984,-0.0354684341351188,-1.36192950487102,0.137858699931449,0.170552813576415,-1.26357724028017,-1.54366052979207,1.67592917338661,-0.543081435567459,0.936782232616447,-0.187631253540344,0.38137988068677,0.445957857063697,1.77654180267647,0.750616001167363,-2.18014396540791,-1.90701528661164,-1.13626768146401,1.10013292555624,0.0312328668103705,-0.0801458607040961,0.468255398831389,-0.548993773800777,-1.26339115599354,-0.538699485923544,1.78019375377296,-0.510315872014536,-0.677676580275958,0.3229048623569,-1.5022991323344,0.582694636450751,-0.65753155955098,-1.23735854439578,3.64061909808165,-1.17561193779072,0.908327508611379,1.32458873167121,0.750288879041059,-0.633470646100685,0.888324301787741,-2.4475835099138,0.539593784423266,0.382070776674204,-0.443582579308698,-0.197375082009581,0.792621437544882,0.268826723513563,-1.71282738664667,-0.666859901003712,-0.994670662559354,-0.365870484613425,0.61712094978299
-0.148165308073872,-0.333598109046751,1.72988043208918,0.256624872788665,1.07719469576749,0.466748823643299,0.230562132613953,0.101095926517169,-1.00560654319213,-0.409773697464947,-1.51833241465964,0.783648971087354,0.437822299016393,1.28995683596362,-1.67500348731026,-0.215058449153276,-1.78220282061883,-0.0397845568717984,-1.07006304768805,-0.854719941053812,2.46190182218674,1.11735279110327,1.91042264007576,1.1460001942144,-0.747983046732444,1.61060074363617,-2.36134190640969,-1.64828295304253,-0.320481281257674,-1.86150042906577,0.0997479403572944,-0.830618806472069,-1.81870954255338,1.29932710091853,0.347462479982115,-1.98548337885705,-0.692600991323966,-0.961493819838338,-0.365887922318481,0.79962598767054,0.210501256438969,0.234471836328842,-1.14858884014186,1.40736142884873,0.499366248122344,1.40183033315403,-0.627643528401185,-2.38857400050438,-1.85429156372835,0.579672181002635,1.18049246922556,-0.468357822332758,-1.10837873266054,-1.70043720153097,0.842842294757803,0.296319223042466,-0.606310942461804,-0.725891957960502,0.438269598950502,0.456093897381123,-0.863135489698896,0.266599868565886,0.915511091893462,0.837769758094374,-0.442243444923495,-0.971280853301836,-0.380034322848408,0.57892403075679,0.83572173277661,0.405862054499805
0.581708626141302,-2.6105120202304,-1.38140573838991,-0.243473153713016,-1.63043741664764,-1.36064950269602,-0.264010971636079,0.676301117190928,0.983872475600941,0.40523593029364,1.53256950692317,-0.986291553674582,-1.2083647383698,0.419663093281074,0.822191416514618,-1.81341888626896,-0.149489399058509,-0.676539498556304,0.886070516370968,-0.732388600577845,-0.769262501054294,-1.05862277037172,0.871540459701836,1.14504197299873,0.544111651206218,0.24765775564499,-0.906311245720672,0.647070932456425,-0.149179122392193,2.09936566948555,0.380784264067309,-0.948406192195816,-0.752546459945145,-0.546136939411468,-1.27664289981681,-1.20508653815242,0.654455644565286,0.5457293966032,1.5258099376052,2.67134297181483,-1.53469662723027,-0.784335819130919,0.781107858081977,-0.376353574216051,-1.51274114945089,-0.344886835950982,-0.677845834007495,-0.776339376622023,-1.90603328702813,-1.56841945536085,-0.164532822476211,-1.67709207184633,0.115657239711761,0.950543451365444,0.697406112369437,1.73779285626974,-0.631472866168871,-1.08597256956738,0.844279988605188,-0.157258528483218,2.39992256820627,-0.160648259429005,1.63592342260055,0.210668089996654,-1.3188981413304,-3.00590846010186,0.295079620045381,0.0722829914654452,0.665407780460895,-1.38748118708004
-0.465641106946164,0.528888184821169,-1.83112907544909,-1.01517499808243,-1.76442024926713,0.092694352422922,0.89079379375476,-0.270836945597412,1.37368478933536,0.294151532071916,1.12739752767532,-1.42922092476975,1.04155497636256,1.33744357963281,0.882736068151586,-0.529402514124498,-0.324840775657708,1.45525656435997,-1.03757040924631,-0.996213987727994,0.965199257464767,0.409022393503574,-1.09235130088892,1.30573190118433,-1.05747695748021,0.238767559092977,1.15640752927444,-0.500118299978195,2.39021908899197,2.07131781083546,-0.715097285362379,1.52681297182941,-0.0248592037214032,-0.0949865875092024,-0.512192117248523,0.632346706516838,-0.695146851439406,-0.233952581562315,0.214154289448782,-1.32238849292082,0.382524245629911,-1.71693696793842,0.125687303092936,-0.99068547308589,-0.318962124700674,0.203423433903052,-1.32127369872997,0.782402926405751,-0.777519791520012,-0.152405326603789,-0.15975851225095,-0.18938866611152,-1.48830473105482,-0.589442570231413,-1.34095238732946,0.158483852822291,1.45093014985502,0.847814465735738,-1.54609353052644,0.913833016058352,-0.411487371947781,0.909275042706294,-0.750975765850283,0.943347702378342,1.36118440191394,1.31699428027475,0.374736163246042,-1.52991643046703,-0.891003664380533,0.067200790909766
